{"cameraMode":{"drawMode":0,"name":"Shaded","section":"Shading Mode"},"sceneLighting":false,"audioPlay":false,"sceneViewState":{"showFog":true,"showMaterialUpdate":true,"showSkybox":true,"showFlares":true,"showImageEffects":false,"showParticleSystems":true},"in2DMode":false,"pivot":{"x":106.20845794677735,"y":2.1686794757843019,"z":28.644962310791017},"rotation":{"x":-0.0020114718936383726,"y":-0.9931805729866028,"z":0.11553536355495453,"w":-0.016956444829702379},"size":3.618208169937134,"orthographic":false}